﻿{"questionRepoSize":11,
"questions":[
{
"answer":"高圆圆",
"ID":1,"category":"明星&人物",
"keyboard":"徐静蕾赵丽颖刘亦菲郑爽章子怡"
},
{
"answer":"范冰冰",
"ID":2,"category":"明星&人物",
"keyboard":"邓紫棋张柏芝杨幂柳岩贾静雯"
},
{
"answer":"成龙",
"ID":3,"category":"明星&人物",
"keyboard":"赵又廷黄晓明李易峰鹿晗刘德华"
},
{
"answer":"王宝强",
"ID":4,"category":"明星&人物",
"keyboard":"谢霆锋梁朝伟吴奇隆何炅陆毅"
},
{
"answer":"葛优",
"ID":5,"category":"明星&人物",
"keyboard":"徐峥姜文黄宗泽苏有朋郭富城"
},
{
"answer":"黄渤",
"ID":6,"category":"明星&人物",
"keyboard":"罗晋杜淳古天乐柯震东胡歌"
},
{
"answer":"岳云鹏",
"ID":7,"category":"明星&人物",
"keyboard":"陈晓王祖蓝陈剑锋张艺兴李治廷"
},
{
"answer":"邓超",
"ID":8,"category":"明星&人物",
"keyboard":"黄秋生赵文卓冯绍峰郑伊健金城武"
},
{
"answer":"周星驰",
"ID":9,"category":"明星&人物",
"keyboard":"任达华陈柏霖梁家辉焦恩俊樊少皇"
},
{
"answer":"白百合",
"ID":10,"category":"明星&人物",
"keyboard":"迪丽热巴古力娜扎毛晓彤刘涛林志玲"
},
{
"answer":"超人",
"ID":11,"category":"电影&影片",
"keyboard":"剪刀手爱德华盗梦空间沉默的羔羊"
},
{
"answer":"蝙蝠侠",
"ID":12,"category":"电影&影片",
"keyboard":"海上钢琴师阿甘正传东方不败"
},
{
"answer":"蜘蛛侠",
"ID":13,"category":"电影&影片",
"keyboard":"辛德勒的名单肖申克的救赎我是传奇"
},
{
"answer":"金刚狼",
"ID":14,"category":"电影&影片",
"keyboard":"花样年华千与千寻咒怨"
},
{
"answer":"哈利波特",
"ID":15,"category":"电影&影片",
"keyboard":"神奇动物在哪里午夜凶铃大鱼海棠"
},
{
"answer":"钢铁侠",
"ID":16,"category":"电影&影片",
"keyboard":"你的名字圆梦巨人复仇者联盟"
},
{
"answer":"加勒比海盗",
"ID":17,"category":"电影&影片",
"keyboard":"七宗罪十二宫爱丽丝漫游记"
},
{
"answer":"速度与激情",
"ID":18,"category":"电影&影片",
"keyboard":"自杀小队灵魂战车疯狂动物城"
},
{
"answer":"变形金刚",
"ID":19,"category":"电影&影片",
"keyboard":"九层妖塔美人鱼从你的全世界路过"
},
{
"answer":"绿巨人",
"ID":20,"category":"电影&影片",
"keyboard":"夏洛特的烦恼生化危机大话西游"
}
]}